UseCode|CodeDesc|CdeRetireFlg|RecDateTime|RecUserId
0000|Vacant Land|0|12/31/1997|
0001|No Description Available|0||
0003|No Description Available|0|01/06/1999|
0008|No Description Available|0||
0009|No Description Available|0|03/20/1998|
0030|No Description Available|0||
0034|No Description Available|0||
0036|No Description Available|0|03/20/1998|
0040|No Description Available|0||
0041|No Description Available|0|04/14/1999|
0050|Primary Vacant Land with Improvements|0||
0051|No Description Available|0|03/20/1998|
0055|No Description Available|0||
0060|No Description Available|0||
0075|No Description Available|0||
0085|No Description Available|0||
0090|Water Moratorium|0|12/31/1997|
0093|No Description Available|0|03/20/1998|
0099|Downzoning, etc.|0|12/31/1997|
01|No Description Available|0||
0100|Single Family Residence|0|12/31/1997|
0101|No Description Available|0||
0110|No Description Available|0|03/20/1998|
0111|No Description Available|0|03/20/1998|
0120|No Description Available|0|03/20/1998|
0130|Planned Unit Development|0|03/20/1998|
0131|No Description Available|0||
0132|No Description Available|0||
0133|No Description Available|0|03/20/1998|
0134|No Description Available|0||
0135|No Description Available|0||
0150|Residential Estate 3000 sq.ft. (Main residence, ca|0|12/31/1997|
0151|No Description Available|0|03/20/1998|
0153|No Description Available|0||
0154|No Description Available|0||
0155|No Description Available|0|03/20/1998|
0158|No Description Available|0|03/20/1998|
0159|No Description Available|0||
0160|Residential Estate (6000 sq.ft. or more of living|0|12/31/1997|
0163|No Description Available|0||
0169|No Description Available|0|03/20/1998|
0170|No Description Available|0|03/20/1998|
0180|No Description Available|0|03/20/1998|
0190|No Description Available|0|03/20/1998|
0199|Single Family Resale Restricted|0||
0200|Mobile Home|0|12/31/1997|
0210|No Description Available|0|03/20/1998|
0211|No Description Available|0||
0222|No Description Available|0||
0223|No Description Available|0||
0227|No Description Available|0||
0231|No Description Available|0|03/20/1998|
0240|Sited outside M/H Park (P.I.)|0|12/31/1997|
0241|Single Wide New Const. (after 7/1/80)|0|12/31/1997|
0242|Double Wide New Const. (after 7/1/80)|0|12/31/1997|
0243|Larger than D/W New Const. (after 7/1/80)|0|12/31/1997|
0244|Single Wide built 1960-1980|0|12/31/1997|
0245|Double Wide build 1960-1980|0|12/31/1997|
0246|Larger than D/W built 1960-1980|0|12/31/1997|
0247|Single Wide built prior to 1960|0|12/31/1997|
0248|Double Wide built prior to 1960|0|12/31/1997|
0249|Larger than D/W built prior to 1960|0|12/31/1997|
0250|Sited inside M/H Park (P.I.)|0|12/31/1997|
0251|Single Wide New Const. (after 7/1/80)|0|12/31/1997|
0252|Double Wide New Const. (after 7/1/80)|0|12/31/1997|
0253|Larger than D/W New Const. (after 7/1/80)|0|12/31/1997|
0254|Single Wide built 1960-1980|0|12/31/1997|
0255|Double Wide build 1960-1980|0|12/31/1997|
0256|Larger than D/W built 1960-1980|0|12/31/1997|
0257|Single Wide built prior to 1960|0|12/31/1997|
0258|Double Wide built prior to 1960|0|12/31/1997|
0259|Larger than D/W built prior to 1960|0|12/31/1997|
0260|Sited outside M/H Park (Rented)|0|12/31/1997|
0261|Single Wide New Const. (after 7/1/80)|0|12/31/1997|
0262|Double Wide New Const. (after 7/1/80)|0|12/31/1997|
0263|Larger than D/W New Const. (after 7/1/80)|0|12/31/1997|
0264|Single Wide built 1960-1980|0|12/31/1997|
0265|Double Wide build 1960-1980|0|12/31/1997|
0266|Larger than D/W built 1960-1980|0|12/31/1997|
0267|Single Wide built prior to 1960|0|12/31/1997|
0268|Double Wide built prior to 1960|0|12/31/1997|
0269|Larger than D/W built prior to 1960|0|12/31/1997|
0270|Sited inside M/H Park (Rented)|0|12/31/1997|
0271|Single Wide New Const. (after 7/1/80)|0|12/31/1997|
0272|Double Wide New Const. (after 7/1/80)|0|12/31/1997|
0273|Larger than D/W New Const. (after 7/1/80)|0|12/31/1997|
0274|Single Wide built 1960-1980|0|12/31/1997|
0275|Double Wide build 1960-1980|0|12/31/1997|
0276|Larger than D/W built 1960-1980|0|12/31/1997|
0277|Single Wide built prior to 1960|0|12/31/1997|
0278|Double Wide built prior to 1960|0|12/31/1997|
0279|Larger than D/W built prior to 1960|0|12/31/1997|
0280|Sited outside M/H Park (Owned)|0|12/31/1997|
0281|Single Wide New Const. (after 7/1/80)|0|12/31/1997|
0282|Double Wide New Const. (after 7/1/80)|0|12/31/1997|
0283|Larger than D/W New Const. (after 7/1/80)|0|12/31/1997|
0284|Single Wide built 1960-1980|0|12/31/1997|
0285|Double Wide build 1960-1980|0|12/31/1997|
0286|Larger than D/W built 1960-1980|0|12/31/1997|
0287|Single Wide built prior to 1960|0|12/31/1997|
0288|Double Wide built prior to 1960|0|12/31/1997|
0289|Larger than D/W built prior to 1960|0|12/31/1997|
0290|Sited inside M/H Park (Owned)|0|12/31/1997|
0291|Single Wide New Const. (after 7/1/80)|0|12/31/1997|
0292|Double Wide New Const. (after 7/1/80)|0|12/31/1997|
0293|Larger than D/W New Const. (after 7/1/80)|0|12/31/1997|
0294|Single Wide built 1960-1980|0|12/31/1997|
0295|Double Wide build 1960-1980|0|12/31/1997|
0296|Larger than D/W built 1960-1980|0|12/31/1997|
0297|Single Wide built prior to 1960|0|12/31/1997|
0298|Double Wide built prior to 1960|0|12/31/1997|
0299|Larger than D/W built prior to 1960|0|12/31/1997|
0300|Condo|0|12/31/1997|
0301|No Description Available|0||
0302|No Description Available|0|03/20/1998|
0303|No Description Available|0|03/20/1998|
0304|No Description Available|0|03/20/1998|
0306|No Description Available|0|03/20/1998|
0310|Rec. Area - 5-6 class|0|12/31/1997|
0311|Rec. Area - 5-6 class, 500-800 sq. ft.|0|12/31/1997|
0312|Rec. Area - 5-6 class, 800-1000 sq.ft.|0|12/31/1997|
0313|Rec. Area - 5-6 class, 1000-1300 sq.ft.|0|12/31/1997|
0314|Rec. Area - 5-6 class, 1300-1500 sq.ft.|0|12/31/1997|
0315|Rec. Area - 5-6 class, 1500-1800 sq.ft.|0|12/31/1997|
0316|Rec. Area - 5-6 class, 1800-2000 sq.ft.|0|12/31/1997|
0317|Rec. Area - 5-6 class, 2000-2400 sq.ft.|0|12/31/1997|
0318|Rec. Area - 5-6 class, 2400 -up sq.ft.|0|12/31/1997|
0319|No Description Available|0|03/20/1998|
0320|Rec. Area - 7-up class|0|12/31/1997|
0321|Rec. Area - 7-up class, 500-800 sq. ft.|0|12/31/1997|
0322|Rec. Area - 7-up class, 800-1000 sq.ft.|0|12/31/1997|
0323|Rec. Area - 7-up class, 1000-1300 sq.ft.|0|12/31/1997|
0324|Rec. Area - 7-up class, 1300-1500 sq.ft.|0|12/31/1997|
0325|Rec. Area - 7-up class, 1500-1800 sq.ft.|0|12/31/1997|
0326|Rec. Area - 7-up class, 1800-2000 sq.ft.|0|12/31/1997|
0327|Rec. Area - 7-up class, 2000-2400 sq.ft.|0|12/31/1997|
0328|Rec. Area - 7-up class, 2400 -up sq.ft.|0|12/31/1997|
0330|No Rec. Area - 5-6 class|0|12/31/1997|
0331|No Rec. Area - 5-6 class, 500-800 sq. ft.|0|12/31/1997|
0332|No Rec. Area - 5-6 class, 800-1000 sq.ft.|0|12/31/1997|
0333|No Rec. Area - 5-6 class, 1000-1300 sq.ft.|0|12/31/1997|
0334|No Rec. Area - 5-6 class, 1300-1500 sq.ft.|0|12/31/1997|
0335|No Rec. Area - 5-6 class, 1500-1800 sq.ft.|0|12/31/1997|
0336|No Rec. Area - 5-6 class, 1800-2000 sq.ft.|0|12/31/1997|
0337|No Rec. Area - 5-6 class, 2000-2400 sq.ft.|0|12/31/1997|
0338|No Rec. Area - 5-6 class, 2400 -up sq.ft.|0|12/31/1997|
0340|No Rec. Area 7-up class|0|12/31/1997|
0341|No Rec. Area 7-up class, 500-800 sq. ft.|0|12/31/1997|
0342|No Rec. Area 7-up class, 800-1000 sq.ft.|0|12/31/1997|
0343|No Rec. Area 7-up class, 1000-1300 sq.ft.|0|12/31/1997|
0344|No Rec. Area 7-up class, 1300-1500 sq.ft.|0|12/31/1997|
0345|No Rec. Area 7-up class, 1500-1800 sq.ft.|0|12/31/1997|
0346|No Rec. Area 7-up class, 1800-2000 sq.ft.|0|12/31/1997|
0347|No Rec. Area 7-up class, 2000-2400 sq.ft.|0|12/31/1997|
0348|No Rec. Area 7-up class, 2400 -up sq.ft.|0|12/31/1997|
0350|Converted apt - 5-6 class|0|12/31/1997|
0351|Converted apt - 5-6 class, 500-800 sq. ft.|0|12/31/1997|
0352|Converted apt - 5-6 class, 800-1000 sq.ft.|0|12/31/1997|
0353|Converted apt - 5-6 class, 1000-1300 sq.ft.|0|12/31/1997|
0354|Converted apt - 5-6 class, 1300-1500 sq.ft.|0|12/31/1997|
0355|Converted apt - 5-6 class, 1500-1800 sq.ft.|0|12/31/1997|
0356|Converted apt - 5-6 class, 1800-2000 sq.ft.|0|12/31/1997|
0357|Converted apt - 5-6 class, 2000-2400 sq.ft.|0|12/31/1997|
0358|Converted apt - 5-6 class, 2400 -up sq.ft.|0|12/31/1997|
0360|Converted apt - 7-up class|0|12/31/1997|
0361|Converted apt - 7-up class, 500-800 sq. ft.|0|12/31/1997|
0362|Converted apt - 7-up class, 800-1000 sq.ft.|0|12/31/1997|
0363|Converted apt - 7-up class, 1000-1300 sq.ft.|0|12/31/1997|
0364|Converted apt - 7-up class, 1300-1500 sq.ft.|0|12/31/1997|
0365|Converted apt - 7-up class, 1500-1800 sq.ft.|0|12/31/1997|
0366|Converted apt - 7-up class, 1800-2000 sq.ft.|0|12/31/1997|
0367|Converted apt - 7-up class, 2000-2400 sq.ft.|0|12/31/1997|
0368|Converted apt - 7-up class, 2400 -up sq.ft.|0|12/31/1997|
0370|Co-op 5-6 class|0|12/31/1997|
0371|Co-op 5-6 class, 500-800 sq. ft.|0|12/31/1997|
0372|Co-op 5-6 class, 800-1000 sq.ft.|0|12/31/1997|
0373|Co-op 5-6 class, 1000-1300 sq.ft.|0|12/31/1997|
0374|Co-op 5-6 class, 1300-1500 sq.ft.|0|12/31/1997|
0375|Co-op 5-6 class, 1500-1800 sq.ft.|0|12/31/1997|
0376|Co-op 5-6 class, 1800-2000 sq.ft.|0|12/31/1997|
0377|Co-op 5-6 class, 2000-2400 sq.ft.|0|12/31/1997|
0378|Co-op 5-6 class, 2400 -up sq.ft.|0|12/31/1997|
0380|Co-op 7-up class|0|12/31/1997|
0381|Co-op 7-up class, 500-800 sq. ft.|0|12/31/1997|
0382|Co-op 7-up class, 800-1000 sq.ft.|0|12/31/1997|
0383|Co-op 7-up class, 1000-1300 sq.ft.|0|12/31/1997|
0384|Co-op 7-up class, 1300-1500 sq.ft.|0|12/31/1997|
0385|Co-op 7-up class, 1500-1800 sq.ft.|0|12/31/1997|
0386|Co-op 7-up class, 1800-2000 sq.ft.|0|12/31/1997|
0387|Co-op 7-up class, 2000-2400 sq.ft.|0|12/31/1997|
0388|Co-op 7-up class, 2400 -up sq.ft.|0|12/31/1997|
0390|No Description Available|0|03/20/1998|
0391|No Description Available|0|03/20/1998|
0392|No Description Available|0||
0397|No Description Available|0|03/20/1998|
0399|Resale restriction|0||
0400|Residential Rentals|0|12/31/1997|
0402|No Description Available|0|03/20/1998|
0403|No Description Available|0|03/20/1998|
0404|No Description Available|0|03/20/1998|
0411|No Description Available|0|03/20/1998|
0412|No Description Available|0|03/20/1998|
0420|No Description Available|0|03/20/1998|
0421|Residential Rentals, 2 Units, 1 Building - Designed|0|12/31/1997|
0422|Residential Rentals, 2 Units, 2 Building - Designed|0|12/31/1997|
0423|Residential Rentals, 2 Units, 3 Building - Designed|0|12/31/1997|
0424|Residential Rentals, 2 Units, 4 or more Buildings, Designed|0|12/31/1997|
0425|Residential Rentals, 2 Units, 1 Building Converted|0|12/31/1997|
0426|Residential Rentals, 2 Units, 2 Buildings Converted|0|12/31/1997|
0427|Residential Rentals, 2 Units, 3 Buildings Converted|0|12/31/1997|
0428|Residential Rentals, 2 Units, 4 or more Buildings Converted|0|12/31/1997|
0429|Residential Rentals, 2 Units, Government Restriction|0|12/31/1997|
0430|No Description Available|0|03/20/1998|
0431|Residential Rentals, 3 Units, 1 Building - Designed|0|12/31/1997|
0432|Residential Rentals, 3 Units, 2 Building - Designed|0|12/31/1997|
0433|Residential Rentals, 3 Units, 3 Building - Designed|0|12/31/1997|
0434|Residential Rentals, 3 Units, 4 or more Buildings, Designed|0|12/31/1997|
0435|Residential Rentals, 3 Units, 1 Building Converted|0|12/31/1997|
0436|Residential Rentals, 3 Units, 1 Building Converted|0|12/31/1997|
0437|Residential Rentals, 3 Units, 3 Buildings Converted|0|12/31/1997|
0438|Residential Rentals, 3 Units, 4 or more Buildings Converted|0|12/31/1997|
0439|Residential Rentals, 3 Units, Government Restriction|0|12/31/1997|
0440|No Description Available|0|03/20/1998|
0441|Residential Rentals, 4 Units, 1 Building - Designed|0|12/31/1997|
0442|Residential Rentals, 4 Units, 2 Building - Designed|0|12/31/1997|
0443|Residential Rentals, 4 Units, 3 Building - Designed|0|12/31/1997|
0444|Residential Rentals, 4 Units, 4 or more Buildings, Designed|0|12/31/1997|
0445|Residential Rentals, 4 Units, 1 Building Converted|0|12/31/1997|
0446|Residential Rentals, 4 Units, 1 Building Converted|0|12/31/1997|
0447|Residential Rentals, 4 Units, 3 Buildings Converted|0|12/31/1997|
0448|Residential Rentals, 4 Units, 4 or more Buildings Converted|0|12/31/1997|
0449|Residential Rentals, 4 Units, Government Restriction|0|12/31/1997|
0452|No Description Available|0|03/20/1998|
0458|No Description Available|0|03/20/1998|
0471|No Description Available|0||
0479|Resale restriction|0||
0481|Courts, 1 Building - Designed|0|12/31/1997|
0482|Courts, 2 Building - Designed|0|12/31/1997|
0483|Courts, 3 Building - Designed|0|12/31/1997|
0484|Courts, 4 or more Buildings, Designed|0|12/31/1997|
0485|Courts, 1 Building Converted|0|12/31/1997|
0486|Courts, 2 Building Converted|0|12/31/1997|
0487|Courts, 3 Buildings Converted|0|12/31/1997|
0488|Courts, 4 or more Buildings Converted|0|12/31/1997|
0489|Courts, Government Restriction|0|12/31/1997|
0490|No Description Available|0|03/20/1998|
0491|More than 4 Units, 1 Building - Designed|0|12/31/1997|
0492|More than 4 Units, 2 Building - Designed|0|12/31/1997|
0493|More than 4 Units, 3 Building - Designed|0|12/31/1997|
0494|More than 4 Units, 4 or more Buildings, Designed|0|12/31/1997|
0495|More than 4 Units, 1 Building Converted|0|12/31/1997|
0496|More than 4 Units, 1 Building Converted|0|12/31/1997|
0497|More than 4 Units, 3 Buildings Converted|0|12/31/1997|
0498|More than 4 Units, 4 or more Buildings Converted|0|12/31/1997|
0499|More than 4 Units, Government Restriction|0|12/31/1997|
0500|Apartments (5 or more units)|0|12/31/1997|
0501|Apartments, 100-149 Units|0|12/31/1997|
0502|Apartments, 200-299 Units|0|12/31/1997|
0503|Apartments, 300 Units and up|0|12/31/1997|
0504|Apartments, 150-199 Units|0|12/31/1997|
0505|Apartments, 5 Units|0|12/31/1997|
0506|Apartments, 6 Units|0|12/31/1997|
0507|Apartments, 7 Units|0|12/31/1997|
0508|Apartments, 8 Units|0|12/31/1997|
0509|Apartments, 9 Units|0|12/31/1997|
0510|Apartments, 10 Units|0|12/31/1997|
0511|Apartments, 11 Units|0|12/31/1997|
0512|Apartments, 12 Units|0|12/31/1997|
0513|Apartments, 13 Units|0|12/31/1997|
0514|Apartments, 14 Units|0|12/31/1997|
0515|Apartments, 15 Units|0|12/31/1997|
0516|Apartments, 16 Units|0|12/31/1997|
0517|Apartments, 17 Units|0|12/31/1997|
0518|Apartments, 18 Units|0|12/31/1997|
0519|Apartments, 19 Units|0|12/31/1997|
0520|Apartments, 20 Units|0|12/31/1997|
0521|Apartments, 21 Units|0|12/31/1997|
0522|Apartments, 22 Units|0|12/31/1997|
0523|Apartments, 23 Units|0|12/31/1997|
0524|Apartments, 24 Units|0|12/31/1997|
0525|Apartments, 25 Units|0|12/31/1997|
0526|Apartments, 26 Units|0|12/31/1997|
0527|Apartments, 27 Units|0|12/31/1997|
0528|Apartments, 28 Units|0|12/31/1997|
0529|Apartments, 29 Units|0|12/31/1997|
0530|Apartments, 30 Units|0|12/31/1997|
0531|Apartments, 31 Units|0|12/31/1997|
0532|Apartments, 32 Units|0|12/31/1997|
0533|Apartments, 33 Units|0|12/31/1997|
0534|Apartments, 34 Units|0|12/31/1997|
0535|Apartments, 35 Units|0|12/31/1997|
0536|Apartments, 36 Units|0|12/31/1997|
0537|Apartments, 37 Units|0|12/31/1997|
0538|Apartments, 38 Units|0|12/31/1997|
0539|Apartments, 39 Units|0|12/31/1997|
0540|Apartments, 40 Units|0|12/31/1997|
0541|Apartments, 41 Units|0|12/31/1997|
0542|Apartments, 42 Units|0|12/31/1997|
0543|Apartments, 43 Units|0|12/31/1997|
0544|Apartments, 44 Units|0|12/31/1997|
0545|Apartments, 45 Units|0|12/31/1997|
0546|Apartments, 46 Units|0|12/31/1997|
0547|Apartments, 47 Units|0|12/31/1997|
0548|Apartments, 48 Units|0|12/31/1997|
0549|Apartments, 49 Units|0|12/31/1997|
0550|Apartments, 50 Units|0|01/05/1998|0
0551|Apartments, 51 Units|0|01/05/1998|0
0552|Apartments, 52 Units|0|01/05/1998|0
0553|Apartments, 53 Units|0|01/05/1998|0
0554|Apartments, 54 Units|0|01/05/1998|0
0555|Apartments, 55 Units|0|01/05/1998|0
0556|Apartments, 56 Units|0|01/05/1998|0
0557|Apartments, 57 Units|0|01/05/1998|0
0558|Apartments, 58 Units|0|01/05/1998|0
0559|Apartments, 59 Units|0|01/05/1998|0
0560|Apartments, 60 Units|0|01/05/1998|0
0561|Apartments, 61 Units|0|01/05/1998|0
0562|Apartments, 62 Units|0|01/05/1998|0
0563|Apartments, 63 Units|0|01/05/1998|0
0564|Apartments, 64 Units|0|01/05/1998|0
0565|Apartments, 65 Units|0|01/05/1998|0
0566|Apartments, 66 Units|0|01/05/1998|0
0567|Apartments, 67 Units|0|01/05/1998|0
0568|Apartments, 68 Units|0|01/05/1998|0
0569|Apartments, 69 Units|0|01/05/1998|0
0570|Apartments, 70 Units|0|01/05/1998|0
0571|Apartments, 71 Units|0|01/05/1998|0
0572|Apartments, 72 Units|0|01/05/1998|0
0573|Apartments, 73 Units|0|01/05/1998|0
0574|Apartments, 74 Units|0|01/05/1998|0
0575|Apartments, 75 Units|0|01/05/1998|0
0576|Apartments, 76 Units|0|01/05/1998|0
0577|Apartments, 77 Units|0|01/05/1998|0
0578|Apartments, 78 Units|0|01/05/1998|0
0579|Apartments, 79 Units|0|01/05/1998|0
0580|Apartments, 80 Units|0|01/05/1998|0
0581|Apartments, 81 Units|0|01/05/1998|0
0582|Apartments, 82 Units|0|01/05/1998|0
0583|Apartments, 83 Units|0|01/05/1998|0
0584|Apartments, 84 Units|0|01/05/1998|0
0585|Apartments, 85 Units|0|01/05/1998|0
0586|Apartments, 86 Units|0|01/05/1998|0
0587|Apartments, 87 Units|0|01/05/1998|0
0588|Apartments, 88 Units|0|01/05/1998|0
0589|Apartments, 89 Units|0|01/05/1998|0
0590|Apartments, 90 Units|0|01/05/1998|0
0591|Apartments, 91 Units|0|01/05/1998|0
0592|Apartments, 92 Units|0|01/05/1998|0
0593|Apartments, 93 Units|0|01/05/1998|0
0594|Apartments, 94 Units|0|01/05/1998|0
0595|Apartments, 95 Units|0|01/05/1998|0
0596|Apartments, 96 Units|0|01/05/1998|0
0597|Apartments, 97 Units|0|01/05/1998|0
0598|Apartments, 98 Units|0|01/05/1998|0
0599|Apartments, 99 Units|0|01/05/1998|0
0600|Bed & Breakfast|0|12/31/1997|
0601|Bed & Breakfast, 1 Units|0|01/05/1998|0
0602|Bed $ Breakfast, 2 Units|0|01/05/1998|0
0603|Bed $ Breakfast, 3 Units|0|01/05/1998|0
0604|Bed $ Breakfast, 4 Units|0|01/05/1998|0
0605|Bed $ Breakfast, 5 Units|0|01/05/1998|0
0606|Bed $ Breakfast, 6 Units|0|01/05/1998|0
0607|Bed $ Breakfast, 7 Units|0|01/05/1998|0
0608|Bed $ Breakfast, 8 Units|0|01/05/1998|0
0609|Bed $ Breakfast, 9 Units|0|01/05/1998|0
0610|Bed $ Breakfast, 10 Units|0|01/05/1998|0
0611|Bed $ Breakfast, 11 Units|0|01/05/1998|0
0612|Bed $ Breakfast, 12 Units|0|01/05/1998|0
0613|Bed $ Breakfast, 13 Units|0|01/05/1998|0
0614|Bed $ Breakfast, 14 Units|0|01/05/1998|0
0615|Bed $ Breakfast, 15 Units|0|01/05/1998|0
0616|Bed $ Breakfast, 16 Units|0|01/05/1998|0
0617|Bed $ Breakfast, 17 Units|0|01/05/1998|0
0618|Bed $ Breakfast, 18 Units|0|01/05/1998|0
0619|Bed $ Breakfast, 19 Units|0|01/05/1998|0
0620|Bed $ Breakfast, 20 Units|0|01/05/1998|0
0621|Bed $ Breakfast, 21 Units|0|01/05/1998|0
0622|Bed $ Breakfast, 22 Units|0|01/05/1998|0
0623|Bed $ Breakfast, 23 Units|0|01/05/1998|0
0624|Bed $ Breakfast, 24 Units|0|01/05/1998|0
0625|Bed $ Breakfast, 25 Units|0|01/05/1998|0
0626|Bed $ Breakfast, 26 Units|0|01/05/1998|0
0627|Bed $ Breakfast, 27 Units|0|01/05/1998|0
0628|Bed $ Breakfast, 28 Units|0|01/05/1998|0
0629|Bed $ Breakfast, 29 Units|0|01/05/1998|0
0630|Bed $ Breakfast, 30+ Units|0|01/05/1998|0
0640|No Description Available|0|03/20/1998|
0652|No Description Available|0|03/20/1998|
0656|No Description Available|0|03/20/1998|
0670|No Description Available|0||
0676|No Description Available|0|03/20/1998|
0691|No Description Available|0|07/02/1999|
0695|No Description Available|0||
0700|Hotels/Motels|0|12/31/1997|
0701|Hotels/Motels, Under 25 Rooms|0|01/05/1998|0
0702|Hotels/Motels, 25-49 Rooms|0|01/05/1998|0
0703|No Description Available|0|03/20/1998|
0705|Hotels/Motels, 50-99 Rooms|0|01/05/1998|0
0707|No Description Available|0|03/20/1998|
0709|No Description Available|0||
0710|Hotels/Motels, 100-199 Rooms|0|01/05/1998|0
0711|No Description Available|0||
0712|No Description Available|0|03/20/1998|
0714|No Description Available|0|03/20/1998|
0717|No Description Available|0|03/20/1998|
0720|Hotels/Motels, 200-299 Rooms|0|01/05/1998|0
0725|No Description Available|0|03/20/1998|
0726||0||
0727|No Description Available|0||
0730|Hotels/Motels, 300 & Up Rooms|0|01/05/1998|0
0731|No Description Available|0||
0733|No Description Available|0|04/14/1999|
0734|No Description Available|0|03/20/1998|
0740|No Description Available|0|03/20/1998|
0741|No Description Available|0||
0744|No Description Available|0|03/20/1998|
0749|No Description Available|0|03/20/1998|
0768|No Description Available|0||
0771|No Description Available|0||
0773|No Description Available|0||
0775|No Description Available|0||
0776|No Description Available|0|03/20/1998|
0790|No Description Available|0|03/20/1998|
0794|No Description Available|0|03/20/1998|
0800|Mixed use-commercial/residential|0|03/20/1998|
0802|No Description Available|0|03/20/1998|
0811|No Description Available|0|03/20/1998|
0812|No Description Available|0||
0821|No Description Available|0||
0822|No Description Available|0|07/11/1999|
0824|No Description Available|0||
0850|No Description Available|0||
0852|No Description Available|0|03/20/1998|
0853|No Description Available|0||
0890|No Description Available|0|07/02/1999|
0900|Mobile Home Parks|0|12/31/1997|
0919|No Description Available|0|03/20/1998|
0931|No Description Available|0|07/02/1999|
0970|No Description Available|0|03/20/1998|
0981|No Description Available|0|03/20/1998|
0990|No Description Available|0|03/20/1998|
0991|No Description Available|0|03/20/1998|
1000|Commercial|0|12/31/1997|
1001|No Description Available|0||
1012|No Description Available|0||
1035|No Description Available|0||
1050|No Description Available|0|03/20/1998|
1090|No Description Available|0|03/20/1998|
1093|No Description Available|0||
1098|No Description Available|0||
1100|Retail Stores, Single Story|0|12/31/1997|
1102|No Description Available|0|01/15/2000|
1110|No Description Available|0||
1111|No Description Available|0||
1112|No Description Available|0||
1114|No Description Available|0||
1118|No Description Available|0||
1150|No Description Available|0|03/20/1998|
1165|No Description Available|0||
1172|No Description Available|0||
1175|No Description Available|0||
1177|No Description Available|0||
1190|No Description Available|0|03/20/1998|
1193|No Description Available|0||
1200|Store & Office Combination|0|12/31/1997|
1209|No Description Available|0|12/17/1999|
1210|No Description Available|0|03/20/1998|
1212|No Description Available|0||
1213|No Description Available|0||
1223|No Description Available|0|03/20/1998|
1231||0||
1251|No Description Available|0||
1280|No Description Available|0|03/20/1998|
1281|No Description Available|0|04/14/1999|
1285|No Description Available|0|04/14/1999|
1300|Department Stores|0|12/31/1997|
1312|No Description Available|0||
1323|No Description Available|0|03/20/1998|
1325||0||
1330|No Description Available|0||
1351|No Description Available|0|01/06/1999|
1371|No Description Available|0|03/20/1998|
1374|No Description Available|0|10/23/1999|
1400|Super Markets|0|12/31/1997|
1412|No Description Available|0||
1413|No Description Available|0||
1431|No Description Available|0||
1433|No Description Available|0||
1500|Shopping Centers (Neighborhood)|0|12/31/1997|
1531|No Description Available|0|03/20/1998|
1600|Shopping Centers (Regional)|0|12/31/1997|
1630|No Description Available|0|03/20/1998|
1674|No Description Available|0|03/20/1998|
1700|Office Buildings (1 Story)|0|12/31/1997|
1707|No Description Available|0|03/20/1998|
1710|No Description Available|0||
1740|No Description Available|0|03/20/1998|
1790|No Description Available|0|03/20/1998|
1800|Office Buildings (multi-story)|0|12/31/1997|
1802|No Description Available|0|03/20/1998|
1806|No Description Available|0|03/20/1998|
1850|No Description Available|0|10/23/1999|
1890|No Description Available|0||
1900|Professional Buildings|0|12/31/1997|
1909|No Description Available|0|03/20/1998|
1910|No Description Available|0|03/20/1998|
1933|No Description Available|0|03/20/1998|
1990|No Description Available|0|03/20/1998|
2000|No Description Available|0|03/20/1998|
2001|No Description Available|0||
2007|No Description Available|0||
2024|No Description Available|0|03/20/1998|
2090|No Description Available|0|03/20/1998|
2100|Restaurants, Coctail Lounge|0|12/31/1997|
2101|No Description Available|0|03/20/1998|
2102|No Description Available|0|03/20/1998|
2103|No Description Available|0|07/03/1999|
2109|No Description Available|0|03/20/1998|
2124|No Description Available|0||
2134|No Description Available|0|03/20/1998|
2190|No Description Available|0|03/20/1998|
2200|Recreation|0|12/31/1997|
2210|No Description Available|0|03/20/1998|
2300|Commercial & Office Condos, PHDs|0|12/31/1997|
2310|Store Area, Under 500 Sq'/Unit Area|0|01/05/1998|0
2311|Store Area, 501 to 1000 Sq'/Unit Area|0|01/05/1998|0
2312|Store Area, 1001 to 1600 Sq'/Unit Area|0|01/05/1998|0
2313|Store Area, 1601 to 2400 Sq'/Unit Area|0|01/05/1998|0
2314|Store Area, 2401 to 3600 Sq'/Unit Area|0|01/05/1998|0
2315|Store Area, Over 3600 Sq'/Unit Area|0|01/05/1998|0
2320|Store Area, Under 500 Sq'/Unit Area|0|01/05/1998|0
2321|Store Area, 501 to 1000 Sq'/Unit Area|0|01/05/1998|0
2322|Store Area, 1001 to 1600 Sq'/Unit Area|0|01/05/1998|0
2323|Store Area, 1601 to 2400 Sq'/Unit Area|0|01/05/1998|0
2324|Store Area, 2401 to 3600 Sq'/Unit Area|0|01/05/1998|0
2325|Store Area, Over 3600 Sq'/Unit Area|0|01/05/1998|0
2340|General Offices, Under 500 Sq'/Unit Area|0|01/05/1998|0
2341|General Offices, 501 to 1000 Sq'/Unit Area|0|01/05/1998|0
2342|General Offices,1001 to 1600 Sq'/Unit Area|0|01/05/1998|0
2343|General Offices, 1601 to 2400 Sq'/Unit Area|0|01/05/1998|0
2344|General Offices, 2401 to 3600 Sq'/Unit Area|0|01/05/1998|0
2345|General Offices, Over 3600 Sq'/Unit Area|0|01/05/1998|0
2350|General Offices, Under 500 Sq'/Unit Area|0|01/05/1998|0
2351|General Offices, 501 to 1000 Sq'/Unit Area|0|01/05/1998|0
2352|General Offices, 1001 to 1600 Sq'/Unit Area|0|01/05/1998|0
2353|General Offices, 1601 to 2400 Sq'/Unit Area|0|01/05/1998|0
2354|General Offices, 2401 to 3600 Sq'/Unit Area|0|01/05/1998|0
2355|General Offices, Over 3600 Sq'/Unit Area|0|01/05/1998|0
2370|Medical/Dental Offices, Under 500 Sq'/Unit Area|0|01/05/1998|0
2371|Medical/Dental Offices, 501 to 1000 Sq'/Unit Area|0|01/05/1998|0
2372|Medical/Dental Offices, 1001 to 1600 Sq'/Unit Area|0|01/05/1998|0
2373|Medical/Dental Offices, 1601 to 2400 Sq'/Unit Area|0|01/05/1998|0
2374|Medical/Dental Offices, 2401 to 3600 Sq'/Unit Area|0|01/05/1998|0
2375|Medical/Dental Offices, Over 3600 Sq'/Unit Area|0|01/05/1998|0
2380|Medical/Dental Offices, Under 500 Sq'/Unit Area|0|01/05/1998|0
2381|Medical/Dental Offices, 501 to 1000 Sq'/Unit Area|0|01/05/1998|0
2382|Medical/Dental Offices, 1001 to 1600 Sq'/Unit Area|0|01/05/1998|0
2383|Medical/Dental Offices, 1601 to 2400 Sq'/Unit Area|0|01/05/1998|0
2384|Medical/Dental Offices, 2401 to 3600 Sq'/Unit Area|0|01/05/1998|0
2385|Medical/Dental Offices, Over 3600 Sq'/Unit Area|0|01/05/1998|0
2400|Banks, S&L Assoc.|0|12/31/1997|
2413||0||
2472|No Description Available|0|03/20/1998|
2500|Service Stations|0|12/31/1997|
2600|Auto Sales, Repair, Storage, Rentals, Car Wash,etc|0|12/31/1997|
2604|No Description Available|0|03/20/1998|
2620|No Description Available|0||
2622|No Description Available|0|03/20/1998|
2680|No Description Available|0||
2690|No Description Available|0|03/20/1998|
2700|Parking Lot|0|12/31/1997|
2720|No Description Available|0|03/20/1998|
2790|No Description Available|0|03/20/1998|
2800|Wholesale Laundry|0|12/31/1997|
2810|No Description Available|0||
2893|No Description Available|0|03/20/1998|
2900|Nurseries, Greenhouses|0|12/31/1997|
2902|No Description Available|0|03/20/1998|
2990|No Description Available|0|03/20/1998|
3000|Industrial|0|12/31/1997|
3032|No Description Available|0|03/20/1998|
3040|No Description Available|0||
3090|No Description Available|0|03/20/1998|
3100|Light Manufacturing|0|12/31/1997|
3115|No Description Available|0|03/20/1998|
3119|No Description Available|0|03/20/1998|
3127|No Description Available|0|03/20/1998|
3130|No Description Available|0|03/20/1998|
3137|No Description Available|0||
3140|No Description Available|0||
3150|No Description Available|0|01/06/1999|
3190|No Description Available|0|03/20/1998|
3200|Warehousing|0|12/31/1997|
3210|No Description Available|0|03/20/1998|
3214|No Description Available|0|03/20/1998|
3230|No Description Available|0||
3272|No Description Available|0|10/23/1999|
3290|No Description Available|0|03/20/1998|
3300|Industrial Condos, free standing, C, under 1000 sq|0|12/31/1997|
3301|Free standing, C construction, 1001-2000 Sq'/Unit|0|01/05/1998|0
3302|Free standing, C construction, 2001-3500 Sq'/Unit|0|01/05/1998|0
3303|Free standing, C construction, 3501-5000 Sq'/Unit|0|01/05/1998|0
3304|Free standing, C construction, Over 5000 Sq'/Unit|0|01/05/1998|0
3310|Row Units, C construction, under 1000 Sq'/Unit|0|01/05/1998|0
3311|Row Units, C construction, 1001-2000 Sq'/Unit|0|01/05/1998|0
3312|Row Units, C construction, 2001-3500 Sq'/Unit|0|01/05/1998|0
3313|Row Units, C construction, 3501-5000 Sq'/Unit|0|01/05/1998|0
3314|Row Units, C construction, Over 5000 Sq'/Unit|0|01/05/1998|0
3320|Modular division, C construction under 1000 sq'/un|0|01/05/1998|0
3321|Modular division, C construction, 1001-2000 sq'/un|0|01/05/1998|0
3322|Modular division, C construction, 2001-3500 sq'/un|0|01/05/1998|0
3323|Modular division, C construction, 3501-5000 sq'/un|0|01/05/1998|0
3324|Modular division, C construction over, 5000 sq'/un|0|01/05/1998|0
3325|No Description Available|0|04/14/1999|
3330|Free standing, D construction, under 1000 Sq'/Unit|0|01/05/1998|0
3331|Free standing, D construction, 1001-2000 Sq'/Unit|0|01/05/1998|0
3332|Free standing, D construction, 2001-3500 Sq'/Unit|0|01/05/1998|0
3333|Free standing, D construction, 3501-5000 Sq'/Unit|0|01/05/1998|0
3334|Free standing, D construction, Over 5000 Sq'/Unit|0|01/05/1998|0
3340|Row Units, D construction, under 1000 Sq'/Unit|0|01/05/1998|0
3341|Row Units, D construction, 1001-2000 Sq'/Unit|0|01/05/1998|0
3342|Row Units, D construction, 2001-3500 Sq'/Unit|0|01/05/1998|0
3343|Row Units, D construction, 3501-5000 Sq'/Unit|0|01/05/1998|0
3344|Row Units, D construction, Over 5000 Sq'/Unit|0|01/05/1998|0
3350|Modular division, D construction under 1000 sq'/un|0|01/05/1998|0
3351|Modular division, D construction, 1001-2000 sq'/un|0|01/05/1998|0
3352|Modular division, D construction, 2001-3500 sq'/un|0|01/05/1998|0
3353|Modular division, D construction, 3501-5000 sq'/un|0|01/05/1998|0
3354|Modular division, D construction, over 5000 sq'/un|0|01/05/1998|0
3360|Free standing, Steel, under 1000 Sq'/Unit|0|01/05/1998|0
3361|Free standing, Steel, 1001-2000 Sq'/Unit|0|01/05/1998|0
3362|Free standing, Steel, 2001-3500 Sq'/Unit|0|01/05/1998|0
3363|Free standing, Steel, 3501-5000 Sq'/Unit|0|01/05/1998|0
3364|Free standing, Steel, Over 5000 Sq'/Unit|0|01/05/1998|0
3370|Row units, Steel, Under 1000 Sq'/Unit|0|01/05/1998|0
3371|Row units, Steel, 1001-2000 Sq'/Unit|0|01/05/1998|0
3372|Row units, Steel, 2001-3500 Sq'/Unit|0|01/05/1998|0
3373|Row units, Steel, 3501-5000 Sq'/Unit|0|01/05/1998|0
3374|Row units, Steel, Over 5000 Sq'/Unit|0|01/05/1998|0
3380|Modular division, Steel, Under 1000 Sq'/Unit|0|01/05/1998|0
3381|Modular division, Steel, 1001-2000 Sq'/Unit|0|01/05/1998|0
3382|Modular division, Steel, 2001-3500 Sq'/Unit|0|01/05/1998|0
3383|Modular division, Steel, 3501-5000 Sq'/Unit|0|01/05/1998|0
3384|Modular division, Steel, Over 5000 Sq'/Unit|0|01/05/1998|0
3390|No Description Available|0||
3399|No Description Available|0|10/23/1999|
3400|Packing Plants|0|12/31/1997|
3407|No Description Available|0|03/20/1998|
3409|No Description Available|0|03/20/1998|
3410|No Description Available|0|03/20/1998|
3411|No Description Available|0||
3436|No Description Available|0|03/20/1998|
3500|Lumber Yards, Mills|0|12/31/1997|
3600|Other Food - Food Processing, Bakeries|0|12/31/1997|
3700|Heavy Industry|0|12/31/1997|
3800|Mineral Processing|0|12/31/1997|
3900|Open Storage Bulk Plant|0|12/31/1997|
3930||0||
3947|No Description Available|0|03/20/1998|
3990|No Description Available|0|03/20/1998|
4000|Irrigated Farm|0|12/31/1997|
4090|No Description Available|0|03/20/1998|
4100|Orchards|0|12/31/1997|
4111|Proper use, Avocados|0|01/09/1998|
4112|Proper use, Lemons|0|01/09/1998|
4113|Proper use, Avo/Lemons|0|01/09/1998|
4114|Proper use, Walnuts|0|01/09/1998|
4115|Proper use, Almonds|0|01/09/1998|
4116|Proper use, Limes|0|01/09/1998|
4117|Proper use, Oranges|0|01/09/1998|
4118|Proper use, Other|0|01/09/1998|
4121|Ag use, transitional, Avocados|0|01/09/1998|
4122|Ag use, transitional, Lemons|0|01/09/1998|
4123|Ag use, transitional, Avo/Lemons|0|01/09/1998|
4124|Ag use, transitional, Walnuts|0|01/09/1998|
4125|Ag use, transitional, Almonds|0|01/09/1998|
4126|Ag use, transitional, Limes|0|01/09/1998|
4127|Ag use, transitional, Oranges|0|01/09/1998|
4128|Ag use, transitional, Other|0|01/09/1998|
4129|No Description Available|0|03/20/1998|
4131|Ag preserve, cont. restrict., Avocados|0|01/09/1998|
4132|Ag preserve, cont. restrict, Lemons|0|01/09/1998|
4133|Ag preserve, cont. restrict., Avo/Lemons|0|01/09/1998|
4134|Ag preserve, cont. restrict., Walnuts|0|01/09/1998|
4135|Ag preserve, cont. restrict., Almonds|0|01/09/1998|
4136|Ag preserve, cont. restrict., Limes|0|01/09/1998|
4137|Ag preserve, cont. restrict., Oranges|0|01/09/1998|
4138|Ag preserve, contractual restrictions, other|0|01/09/1998|
4141|Ag preserve, Notice of non-renewal, Avocados|0|01/09/1998|
4142|Ag preserve, Notice of non-renewal, Lemons|0|01/09/1998|
4143|Ag preserve, Notice of non-renewal, Avo/Lemons|0|01/09/1998|
4144|Ag preserve, Notice of non-renewal, Walnuts|0|01/09/1998|
4145|Ag preserve, Notice of non-renewal, Almonds|0|01/09/1998|
4146|Ag preserve, Notice of non-renewal, Limes|0|01/09/1998|
4147|Ag preserve, Notice of non-renewal, Oranges|0|01/09/1998|
4148|Ag preserve, Notice of non-renewal, Other|0|01/09/1998|
4151|Government owned, Avocados|0|01/09/1998|
4152|Government owned, Lemons|0|01/09/1998|
4153|Government owned, Avo/Lemons|0|01/09/1998|
4154|Government owned, Walnuts|0|01/09/1998|
4155|Government owned, Almonds|0|01/09/1998|
4156|Government owned, Limes|0|01/09/1998|
4157|Government owned, Oranges|0|01/09/1998|
4158|Government owned, Other|0|01/09/1998|
4183||0||
4190|No Description Available|0|03/20/1998|
4191|No Description Available|0|03/20/1998|
4192|No Description Available|0|03/20/1998|
4193|No Description Available|0|03/20/1998|
4194|No Description Available|0|03/20/1998|
4199|No Description Available|0|03/20/1998|
4200|Vineyards|0|12/31/1997|
4211|proper use, table grapes- red|0|01/09/1998|
4212|proper use, table grapes- white|0|01/09/1998|
4213|proper use, wine grapes- red|0|01/09/1998|
4214|proper use, wine grapes- white|0|01/09/1998|
4215|proper use, varietal|0|01/09/1998|
4216|proper use, other|0|01/09/1998|
4220|No Description Available|0||
4221|Ag use, transitional, table grapes- red|0|01/09/1998|
4222|Ag use, transitional, table grapes- white|0|01/09/1998|
4223|Ag use, transitional, wine grapes- red|0|01/09/1998|
4224|Ag use, transitional, wine grapes- white|0|01/09/1998|
4225|Ag use, transitional, varietal|0|01/09/1998|
4226|Ag use, transitional, other|0|01/09/1998|
4231|Ag preserve, cont. restrict., table grapes- red|0|01/09/1998|
4232|Ag preserve, cont. restrict., table grapes- white|0|01/09/1998|
4233|Ag preserve, cont. restrict., wine grapes- red|0|01/09/1998|
4234|Ag preserve, cont. restrict., wine grapes- white|0|01/09/1998|
4235|Ag preserve, cont. restrict., varietal|0|01/09/1998|
4236|Ag preserve, cont. restrict., other|0|01/09/1998|
4241|Ag preserve, Notice non-renewal, table grapes- red|0|01/09/1998|
4242|Ag preserve, Notice non-renewal, tablegrapes-white|0|01/09/1998|
4243|Ag preserve, Notice non-renewal, wine grapes- red|0|01/09/1998|
4244|Ag preserve, Notice non-renewal, wine grapes-white|0|01/09/1998|
4245|Ag preserve, Notice non-renewal, varietal|0|01/09/1998|
4246|Ag preserve, Notice non-renewal, other|0|01/09/1998|
4251|Govt. owned, table grapes- red|0|01/09/1998|
4252|Govt. owned, table grapes- white|0|01/09/1998|
4253|Govt. owned, wine grapes- red|0|01/09/1998|
4254|Govt. owned, wine grapes-white|0|01/09/1998|
4255|Govt. owned, varietal|0|01/09/1998|
4256|Govt. owned, other|0|01/09/1998|
4300|Vines & Bush Plants|0|12/31/1997|
4311|Proper use, Share Crop- 1/3|0|01/09/1998|
4312|Proper use, Share Crop- 1/4|0|01/09/1998|
4313|Proper use, Share Crop- 1/5|0|01/09/1998|
4314|Proper use, Cash rent over $400/ac.|0|01/09/1998|
4315|Proper use, Cash rent $300-400|0|01/09/1998|
4316|Proper use, Cash rent $150-300|0|01/09/1998|
4317|Proper use, Cash rent under $150|0|01/09/1998|
4319|Income does not apply|0|01/09/1998|
4321|Ag use, transitional, share crop- 1/3|0|01/09/1998|
4322|Ag use, transitional, share crop- 1/4|0|01/09/1998|
4323|Ag use, transitional, share crop- 1/5|0|01/09/1998|
4324|Ag use, transitional, cash rent over $400/ac|0|01/09/1998|
4325|Ag use, transitional, cash rent $300-400/ac.|0|01/09/1998|
4326|Ag use, transitional, cash rent $ 150-300|0|01/09/1998|
4327|Ag use, transitional, cash rent under $150/ac|0|01/09/1998|
4329|Income does not apply|0|01/09/1998|
4331|Ag preserve, cont. restrict., share crop- 1/3|0|01/09/1998|
4332|Ag preserve, cont. restrict., share crop- 1/4|0|01/09/1998|
4333|Ag preserve, cont. restrict., share crop- 1/5|0|01/09/1998|
4334|Ag preserve, cont. restrict., cash rent over$400ac|0|01/09/1998|
4335|Ag preserve, cont. restrict., cash rent $300-400ac|0|01/09/1998|
4336|Ag preserve, cont. restrict., cash rent $150-300ac|0|01/09/1998|
4337|Ag preserve, cont. restrict., cash rent under $150|0|01/09/1998|
4339|Income does not apply|0|01/09/1998|
4341|Ag preserve, Notice non-renewal, share crop- 1/3|0|01/09/1998|
4342|Ag preserve, Notice non-renewal, share crop- 1/4|0|01/09/1998|
4343|Ag preserve, Notice non-renewal, share crop- 1/5|0|01/09/1998|
4344|Ag preserve, Notice non-renewal, cash rent over $400ac|0|01/09/1998|
4345|Ag preserve, Notice non-renewal, cash rent $300-400 ac|0|01/09/1998|
4346|Ag preserve, Notice" non-renewal, cash rent $150-300 ac|0|01/09/1998|
4347|Ag preserve, Notice non-renewal, cash rent under $150ac|0|01/09/1998|
4349|Income does not apply|0|01/09/1998|
4351|Govt. owned, share crop- 1/3|0|01/09/1998|
4352|Govt. owned, share crop- 1/4|0|01/09/1998|
4353|Govt. owned, share crop- 1/5|0|01/09/1998|
4354|Govt. owned, cash rent over $400/ac|0|01/09/1998|
4355|Govt. owned, cash rent $300-400/ac|0|01/09/1998|
4356|Govt. owned, cash rent $150-300/ac|0|01/09/1998|
4357|Govt. owned, cash rent under $150/ac|0|01/09/1998|
4359|Income does not apply|0|01/09/1998|
4400|Truck Crops|0|12/31/1997|
4411|Proper use, Share rent 40%|0|01/09/1998|
4412|Proper use, Share rent 1/3|0|01/09/1998|
4413|Proper use, Share rent 1/4|0|01/09/1998|
4414|Proper use, cash rent over $400/ac.|0|01/09/1998|
4415|Proper use, cash rent $300-400/ac|0|01/09/1998|
4416|Proper use, cash rent $250-300/ac|0|01/09/1998|
4417|Proper use, cash rent $200-250/ac|0|01/09/1998|
4418|Proper use, cash rent under $200/ac|0|01/09/1998|
4419|Proper use, Income does not apply|0|01/09/1998|
4421|Ag use, transitional, share rent 40%|0|01/09/1998|
4422|Ag use, transitional, share rent 1/3|0|01/09/1998|
4423|Ag use, transitional, share rent 1/4|0|01/09/1998|
4424|Ag use, transitional, cash rent over $400/ac|0|01/09/1998|
4425|Ag use, transitional, cash rent $300-400/ac|0|01/09/1998|
4426|Ag use, transitional, cash rent, $250-300/ac|0|01/09/1998|
4427|Ag use, transitional, cash rent $200-250/ac|0|01/09/1998|
4428|Ag use, transitional, cash rent under $200/ac|0|01/09/1998|
4429|Ag use, transitional, Income does not apply|0|01/09/1998|
4431|Ag preserve, cont. restrict., share rent 40%|0|01/09/1998|
4432|Ag preserve, cont. restrict., share rent 1/3|0|01/09/1998|
4433|Ag preserve, cont. restrict., share rent 1/4|0|01/09/1998|
4434|Ag preserve, cont. restrict., cash rent over$400ac|0|01/09/1998|
4435|Ag preserve, cont. restrict., cash rent $300-400ac|0|01/09/1998|
4436|Ag preserve, cont. restrict., cash rent $250-300ac|0|01/09/1998|
4437|Ag preserve, cont. restrict., cash rent $200-250ac|0|01/09/1998|
4438|Ag preserve, cont. restrict., cash rent under$200a|0|01/09/1998|
4439|Ag preserve, cont. restrict, Income does not apply|0|01/09/1998|
4441|Ag preserve, Notice non-renewal, share rent 40%|0|01/09/1998|
4442|Ag preserve, Notice non-renewal, share rent 1/3|0|01/09/1998|
4443|Ag preserve, Notice non-renewal, share rent 1/4|0|01/09/1998|
4444|Ag preserve, Notice non-renewal, cash rent over $400ac|0|01/09/1998|
4445|Ag preserve, Notice non-renewal, cash rent $300-400ac|0|01/09/1998|
4446|Ag preserve, Notice non-renewal, cash rent  $250-300ac|0|01/09/1998|
4447|Ag preserve, Notice non-renewal, cash rent $200-250ac|0|01/09/1998|
4448|Ag preserve, Notice non-renewal, cash rent under$200ac|0|01/09/1998|
4449|Ag preserve, Notice non-renewal, Income doesn't apply|0|01/09/1998|
4451|Govt. owned, share rent 40%|0|01/09/1998|
4452|Govt. owned, share rent 1/3|0|01/09/1998|
4453|Govt. owned, share rent 1/4|0|01/09/1998|
4454|Govt. owned, cash rent over $400/ac|0|01/09/1998|
4455|Govt. owned, cash rent $300-400/ac|0|01/09/1998|
4456|Govt. owned, cash rent $250-300/ac|0|01/09/1998|
4457|Govt. owned, cash rent $200-250/ac|0|01/09/1998|
4458|Govt. owned, cash rent under $200/ac|0|01/09/1998|
4459|Govt. owned, Income does not apply|0|01/09/1998|
4490|No Description Available|0|03/20/1998|
4500|Field Crops|0|12/31/1997|
4511|Proper use, share rent 40%|0|01/09/1998|
4512|Proper use, share rent 1/3|0|01/09/1998|
4513|Proper use, share rent 1/4|0|01/09/1998|
4514|Proper use, cash rent over $400/ac|0|01/09/1998|
4515|Proper use, cash rent $300-400|0|01/09/1998|
4516|Proper use, cash rent $250-300|0|01/09/1998|
4517|Proper use, cash rent $200-250|0|01/09/1998|
4518|Proper use, cash rent under $200|0|01/09/1998|
4519|Proper use, Income does not apply|0|01/09/1998|
4521|Ag use, transitional, share rent 40%|0|01/09/1998|
4522|Ag use, transitional, share rent 1/3|0|01/09/1998|
4523|Ag use, transitional, share rent 1/4|0|01/09/1998|
4524|Ag use, transitional, cash rent over $400/ac|0|01/09/1998|
4525|Ag use, transitional, cash rent $300-400/ac|0|01/09/1998|
4526|Ag use, transitional, cash rent $250-300/ac|0|01/09/1998|
4527|Ag use, transitional, cash rent $200-250/ac|0|01/09/1998|
4528|Ag use, transitional, cash rent under $200/ac|0|01/09/1998|
4529|Ag use, transitional, Income does no apply|0|01/09/1998|
4530|No Description Available|0|03/20/1998|
4531|Ag preserve, cont. restrict., share rent 40%|0|01/09/1998|
4532|Ag preserve, cont. restrict., share rent 1/3|0|01/09/1998|
4533|Ag preserve, cont. restrict., share rent 1/4|0|01/09/1998|
4534|Ag preserve, cont. restrict., cash rent over $400a|0|01/09/1998|
4535|Ag preserve, cont. restrict., cash rent $300-400ac|0|01/09/1998|
4536|Ag preserve, cont. restrict., cash rent $250-300ac|0|01/09/1998|
4537|Ag preserve, cont. restrict., cash rent $200-250ac|0|01/09/1998|
4538|Ag preserve, cont. restrict., cash rent under $200|0|01/09/1998|
4539|Ag preserve, cont. restrict.,Income doesn't apply|0|01/09/1998|
4541|Ag preserve, non-renewal, share rent 40%|0|01/09/1998|
4542|Ag preserve, non-renewal, share rent 1/3|0|01/09/1998|
4543|Ag preserve, non-renewal, share rent 1/4|0|01/09/1998|
4544|Ag preserve, non-renewal, cash rent over $400a|0|01/09/1998|
4545|Ag preserve, non-renewal, cash rent $300-400ac|0|01/09/1998|
4546|Ag preserve, non-renewal, cash rent $250-300ac|0|01/09/1998|
4547|Ag preserve, non-renewal, cash rent $200-250ac|0|01/09/1998|
4548|Ag preserve, non-renewal, cash rent under $200|0|01/09/1998|
4549|Ag preserve, non-renewal, Income doesn't apply|0|01/09/1998|
4551|Govt. owned, share rent 40%|0|01/09/1998|
4552|Govt. owned, share rent 1/3|0|01/09/1998|
4553|Govt. owned, share rent 1/4|0|01/09/1998|
4554|Govt. owned, cash rent over $400/ac|0|01/09/1998|
4555|Govt. owned, cash rent $300-400/ac|0|01/09/1998|
4556|Govt. owned, cash rent $250-300/ac|0|01/09/1998|
4557|Govt. owned, cash rent $200-250/ac|0|01/09/1998|
4558|Govt. owned, cash rent under $200/ac|0|01/09/1998|
4559|Govt. owned, Income does not apply|0|01/09/1998|
4574|No Description Available|0|03/20/1998|
4590|No Description Available|0|03/20/1998|
4600|Pasture (Permanent)|0|12/31/1997|
4610|No Description Available|0||
4611|Proper use, share rent 1/3|0|01/09/1998|
4612|Proper use, share rent 1/4|0|01/09/1998|
4613|Proper use, share rent 1/5|0|01/09/1998|
4614|Proper use, cash rent over $120/ac|0|01/09/1998|
4615|Proper use, cash rent $90-120/ac|0|01/09/1998|
4616|Proper use, cash rent $60-90/ac|0|01/09/1998|
4617|Proper use, cash rent $60-120/ac ?|0|01/09/1998|
4618|Proper use, cash rent under $60/ac|0|01/09/1998|
4619|Proper use, Income does not apply|0|01/09/1998|
4621|Ag use, transitional, share rent 1/3|0|01/09/1998|
4622|Ag use, transitional, share rent 1/4|0|01/09/1998|
4623|Ag use, transitional, share rent 1/5|0|01/09/1998|
4624|Ag use, transitional, cash rent over $120/ac|0|01/09/1998|
4625|Ag use, transitional, cash rent $90-120/ac|0|01/09/1998|
4626|Ag use, transitional, cash rent $60-90/ac|0|01/09/1998|
4627|Ag use, transitional, cash rent $60-120/ac ?|0|01/09/1998|
4628|Ag use, transitional, cash rent under $60/ac|0|01/09/1998|
4629|Ag use, transitional, Income does not apply|0|01/09/1998|
4631|Ag preserve, cont. restrict., share rent 1/3|0|01/09/1998|
4632|Ag preserve, cont. restrict., share rent 1/4|0|01/09/1998|
4633|Ag preserve, cont. restrict., share rent 1/5|0|01/09/1998|
4634|Ag preserve, cont. restrict., cash rent over $120a|0|01/09/1998|
4635|Ag preserve, cont. restrict., cash rent $90-120ac|0|01/09/1998|
4636|Ag preserve, cont. restrict., cash rent $60-90ac|0|01/09/1998|
4637|Ag preserve, cont. restrict., cash rent $60-120/ac|0|01/09/1998|
4638|Ag preserve, cont. restrict., cash rent under $60a|0|01/09/1998|
4639|Ag preserve, cont. restrict., Income doesn't apply|0|01/09/1998|
4641|Ag preserve, non-renewal, share rent 1/3|0|01/09/1998|
4642|Ag preserve, non-renewal, share rent 1/4|0|01/09/1998|
4643|Ag preserve, non-renewal, share rent 1/5|0|01/09/1998|
4644|Ag preserve, non-renewal, cash rent over $120ac|0|01/09/1998|
4645|Ag preserve, non-renewal, cash rent $90-120/ac|0|01/09/1998|
4646|Ag preserve, non-renewal, cash rent $60-90/ac|0|01/09/1998|
4647|Ag preserve, non-renewal, cash rent $60-120?|0|01/09/1998|
4648|Ag preserve, non-renewal, cash rent under $60a|0|01/09/1998|
4649|Ag preserve, non-renewal, Income doesn't apply|0|01/09/1998|
4651|Govt. owned, share rent 1/3|0|01/09/1998|
4652|Govt. owned, share rent 1/4|0|01/09/1998|
4653|Govt. owned, share rent 1/5|0|01/09/1998|
4654|Govt. owned, cash rent over $120/ac|0|01/09/1998|
4655|Govt. owned, cash rent $90-120/ac|0|01/09/1998|
4656|Govt. owned, cash rent $60-90/ac|0|01/09/1998|
4657|Govt. owned, cash rent $60-120/ac ?|0|01/09/1998|
4658|Govt. owned, cash rent under $60/ac|0|01/09/1998|
4659|Govt. owned, Income does not apply|0|01/09/1998|
4690|No Description Available|0|03/20/1998|
4700|Dairies|0|12/31/1997|
4711|Proper use, 250 cows or over- lot fed|0|01/09/1998|
4712|Proper use, 200-250 cows-lot fed|0|01/09/1998|
4713|Proper use, 150-200 cows- lot fed|0|01/09/1998|
4714|Proper use, 250 cows or over- range fed|0|01/09/1998|
4715|Proper use, 200-250 cows- range fed|0|01/09/1998|
4716|Proper use, 150-200 cows- range fed|0|01/09/1998|
4717|Proper use, under 150 cows|0|01/09/1998|
4721|Ag use, transitional, 250 cows or over- lot fed|0|01/09/1998|
4722|Ag use, transitional, 200-250 cows- lot fed|0|01/09/1998|
4723|Ag use, transitional, 150-200 cows- lot fed|0|01/09/1998|
4724|Ag use, transitional, 250 cows or over-range fed|0|01/09/1998|
4725|Ag use, transitional, 200-250 cows- range fed|0|01/09/1998|
4726|Ag use, transitional, 150-200 cows- range fed|0|01/09/1998|
4727|Ag use, transitional, under 150 cows|0|01/09/1998|
4731|Ag preserve, cont. restrict., 250 plus cows-lotfed|0|01/09/1998|
4732|Ag preserve, cont. restrict, 200-250 cows-lot fed|0|01/09/1998|
4733|Ag preserve, cont restrict, 150-200 cows- lot fed|0|01/09/1998|
4734|Ag preserve, cont restrict, 250 plus cows- range|0|01/09/1998|
4735|Ag preserve, cont restrict, 200-250 cows- range|0|01/09/1998|
4736|Ag preserve, cont restrict, 150-200 cows- range|0|01/09/1998|
4737|Ag preserve, cont restrict, under 150 cows|0|01/09/1998|
4741|Ag preserve, non-renewal, 250 cows plus-lotfed|0|01/09/1998|
4742|Ag preserve, non-renewal, 200-250 cows-lotfed|0|01/09/1998|
4743|Ag preserve, non-renewal, 150-200 cows-lot fed|0|01/09/1998|
4744|Ag preserve, non-renewal, 250 cows plus-range|0|01/09/1998|
4745|Ag preserve, non-renewal, 200-250 cows-range|0|01/09/1998|
4746|Ag preserve, non-renewal, 150-200 cows- range|0|01/09/1998|
4747|Ag preserve, non-renewal, under 150  cows|0|01/09/1998|
4751|Govt. owned, 250 cows or over- lot fed|0|01/09/1998|
4752|Govt. owned, 200-250 cows- lot fed|0|01/09/1998|
4753|Govt. owned, 150-200 cows- lot fed|0|01/09/1998|
4754|Govt. owned, 250 cows or over- range fed|0|01/09/1998|
4755|Govt. owned, 200-250 cows- range fed|0|01/09/1998|
4756|Govt. owned, 150-200 cows- range fed|0|01/09/1998|
4757|Govt. owned, under 150 cows|0|01/09/1998|
4790|No Description Available|0|03/20/1998|
4791|No Description Available|0|03/20/1998|
4800|Poultry|0|12/31/1997|
4811|Proper use, Chicken-meat|0|01/09/1998|
4812|Proper use, Chicken- eggs|0|01/09/1998|
4813|Proper use, Turkeys- meat|0|01/09/1998|
4814|Proper use, Other|0|01/09/1998|
4821|Ag use, transitional, Chicken- meat|0|01/09/1998|
4822|Ag use, transitional, Chicken- eggs|0|01/09/1998|
4823|Ag use, transitional, Turkeys- meat|0|01/09/1998|
4824|Ag use, transitional, Other|0|01/09/1998|
4831|Ag Preserve, cont. restrict., Chicken-meat|0|01/09/1998|
4832|Ag preserve, cont. restrict., Chicken- eggs|0|01/09/1998|
4833|Ag preserve, cont. restrict., Turkeys-meat|0|01/09/1998|
4834|Ag preserve, cont. restrict, Other|0|01/09/1998|
4841|Ag preserve, Notice of non-renewal, chicken-meat|0|01/09/1998|
4842|Ag preserve, Notice non-renewal, chicken- eggs|0|01/09/1998|
4843|Ag preserve, Notice non-renewal, Turkeys|0|01/09/1998|
4844|Ag preserve, Notice non-renewal, Other|0|01/09/1998|
4851|Govt. owned, Chicken- meat|0|01/09/1998|
4852|Govt. owned, Chicken- eggs|0|01/09/1998|
4853|Govt. owned, Turkey|0|01/09/1998|
4854|Govt. owned, Other|0|01/09/1998|
4900|Flowers, Seed Production|0|12/31/1997|
4911|Proper use, flowers cut-field|0|01/09/1998|
4912|Proper use, flowers- seed- field|0|01/09/1998|
4913|Proper use, flowers- potted- field|0|01/09/1998|
4914|Proper use, flowers- cut-greehouse|0|01/09/1998|
4915|Proper use, flowers- seed- greenhouse|0|01/09/1998|
4916|Proper use, flowers- potted- greenhouse|0|01/09/1998|
4917|Proper use, flowers- orchids|0|01/09/1998|
4918|Proper use, other|0|01/09/1998|
4921|Ag use, transitional, flowers-cut-field|0|01/09/1998|
4922|Ag use, transitional, flowers-seed-field|0|01/09/1998|
4923|Ag use, transitional, flowers-potted-field|0|01/09/1998|
4924|Ag use, transitional, flowers-cut-greenhouse|0|01/09/1998|
4925|Ag use, transitional, flowers-seed-greenhouse|0|01/09/1998|
4926|Ag use, transitional, flowers-potted-greenhouse|0|01/09/1998|
4927|Ag use, transitional, flowers- orchids|0|01/09/1998|
4928|Ag use, transitional, other|0|01/09/1998|
4931|Ag preserve-cont restrict, flowers-cut-field|0|01/09/1998|
4932|Ag preserve-cont restrict, flowers-seed-field|0|01/09/1998|
4933|Ag preserve-cont restrict, flowers-potted-field|0|01/09/1998|
4934|Ag preserve-cont restrict, flowers-cut-greenhouse|0|01/09/1998|
4935|Ag preserve-cont restrict, flowers-seed-greehouse|0|01/09/1998|
4936|Ag preserve-cont restrict,flowers-potted-greenhous|0|01/09/1998|
4937|Ag preserve-cont restrict, flowers-orchids|0|01/09/1998|
4941|Ag preserve, non-renewal, flowers-cut-field|0|01/09/1998|
4942|Ag preserve, non-renewal, flowers-seed-field|0|01/09/1998|
4943|Ag preserve, non-renewal, flowers-potted-field|0|01/09/1998|
4944|Ag preserve, non-renewal, flowers-cut-greenhouse|0|01/09/1998|
4945|Ag preserve, non-renewal, flowers-seed-greenhouse|0|01/09/1998|
4946|Ag preserve,non-renewal,flowers-potted-greenhouse|0|01/09/1998|
4947|Ag preserve, non-renewal, flowers- Orchids|0|01/09/1998|
4948|Ag preserve, non-renewal, Other|0|01/09/1998|
4951|Govt. owned, flowers-cut-field|0|01/09/1998|
4952|Govt. owned, flowers-seed-field|0|01/09/1998|
4953|Govt. owned, flowers-potted-field|0|01/09/1998|
4954|Govt. owned, flowers-cut-greenhouse|0|01/09/1998|
4955|Govt. owned, flowers-seed-greenhouse|0|01/09/1998|
4956|Govt. owned, flowers-potted-greenhouse|0|01/09/1998|
4957|Govt. owned, flowers-Orchids|0|01/09/1998|
4958|Govt. owned, Other|0|01/09/1998|
4992|No Description Available|0|03/20/1998|
4996|No Description Available|0|03/20/1998|
4998|No Description Available|0|03/20/1998|
5000|Dry Farm|0|12/31/1997|
5039|No Description Available|0|03/20/1998|
5090|No Description Available|0|03/20/1998|
5100|Orchards|0|12/31/1997|
5111|Proper use, Avocados|0|01/09/1998|
5112|Proper use, Lemons|0|01/09/1998|
5113|Proper use, Avo/Lemons|0|01/09/1998|
5114|Proper use, Walnuts|0|01/09/1998|
5115|Proper use, Almonds|0|01/09/1998|
5116|Proper use, limes|0|01/09/1998|
5117|Proper use, Oranges|0|01/09/1998|
5118|Proper use, Other|0|01/09/1998|
5121|Ag use, transitional, avocados|0|01/09/1998|
5122|Ag use, transitional, Lemons|0|01/09/1998|
5123|Ag use, transitional, Avo/Lemons|0|01/09/1998|
5124|Ag use, transitional, Walnuts|0|01/09/1998|
5125|Ag use, transitional, Almonds|0|01/09/1998|
5126|Ag use, transitional, Limes|0|01/09/1998|
5127|Ag use, transitional, Oranges|0|01/09/1998|
5128|Ag use, transitional, Other|0|01/09/1998|
5129|No Description Available|0||
5131|Ag preserve, cont restrict, Avocados|0|01/09/1998|
5132|Ag preserve, cont restrict, Lemons|0|01/09/1998|
5133|Ag preserve, cont restrict, Avo/Lemons|0|01/09/1998|
5134|Ag preserve, cont restrict, Walnuts|0|01/09/1998|
5135|Ag preserve, cont restrict, Almonds|0|01/09/1998|
5136|Ag preserve, cont restrict, Limes|0|01/09/1998|
5137|Ag preserve, cont restrict, Oranges|0|01/09/1998|
5138|Ag preserve, cont restrict, other|0|01/09/1998|
5141|Ag preserve, non-renewal, Avocados|0|01/09/1998|
5142|Ag preserve, non-renewal, Lemons|0|01/09/1998|
5143|Ag preserve, non-renewal, Avo/Lemons|0|01/09/1998|
5144|Ag preserve, non-renewal, Walnuts|0|01/09/1998|
5145|Ag preserve, non-renewal, Almonds|0|01/09/1998|
5146|Ag preserve, non-renewal, Limes|0|01/09/1998|
5147|Ag preserve, non-renewal, Oranges|0|01/09/1998|
5148|Ag preserve, nont-renewal, Other|0|01/09/1998|
5151|Govt. owned, Avocados|0|01/09/1998|
5152|Govt. owned, Lemons|0|01/09/1998|
5153|Govt. owned, Avo/Lemons|0|01/09/1998|
5154|Govt. owned, Walnuts|0|01/09/1998|
5155|Govt. owned, Almonds|0|01/09/1998|
5156|Govt. owned, Limes|0|01/09/1998|
5157|Govt. owned, Oranges|0|01/09/1998|
5158|Govt. owned., Other|0|01/09/1998|
5190|No Description Available|0|03/20/1998|
5191|No Description Available|0|03/20/1998|
5192|No Description Available|0|03/20/1998|
5197|No Description Available|0|03/20/1998|
5200|Vineyards|0|12/31/1997|
5211|Proper use, Table grapes- red|0|01/09/1998|
5212|Proper use, Table grapes- white|0|01/09/1998|
5213|Proper use, Wine grapes- red|0|01/09/1998|
5214|Proper use, Wine grapes- white|0|01/09/1998|
5215|Proper use, Varietal|0|01/09/1998|
5216|Proper use, Other|0|01/09/1998|
5221|Ag use, transitional, Table grapes- red|0|01/09/1998|
5222|Ag use, transitional, Table grapes- white|0|01/09/1998|
5223|Ag use, transitional, Wine grapes- red|0|01/09/1998|
5224|Ag use, transitional, Wine grapes- white|0|01/09/1998|
5225|AG use, transitional, Varietal|0|01/09/1998|
5226|Ag use, transitional, Other|0|01/09/1998|
5231|Ag preserve, cont restrict., Table grapes- red|0|01/09/1998|
5232|Ag preserve, cont. restrict., Table grapes- white|0|01/09/1998|
5233|Ag preserve, cont. restrict., Wine grapes- red|0|01/09/1998|
5234|Ag preserve, cont. restrict., Wine grapes- white|0|01/09/1998|
5235|Ag preserve, cont. restrict., Varietal|0|01/09/1998|
5236|Ag preserve, cont. restrict., Other|0|01/09/1998|
5237|No Description Available|0|03/20/1998|
5241|Ag preserve, non-renewal, Table grapes- red|0|01/09/1998|
5242|Ag preserve, non-renewal, Table grapes- white|0|01/09/1998|
5243|Ag preserve, non-renewal, Wine grapes- red|0|01/09/1998|
5244|Ag preserve, non-renewal, Wine grapes- white|0|01/09/1998|
5245|Ag preserve, non-renewal, Varietal|0|01/09/1998|
5246|Ag preserve, non-renewal, Other|0|01/09/1998|
5251|Govt. owned, Table grapes- red|0|01/09/1998|
5252|Govt. owned, Table grapes- white|0|01/09/1998|
5253|Govt. owned, Wine grapes- red|0|01/09/1998|
5254|Govt. owned, Wine grapes- white|0|01/09/1998|
5255|Govt. owned, Varietal|0|01/09/1998|
5256|Govt. owned, Other|0|01/09/1998|
5281|No Description Available|0||
5300|Field Crops, Dry|0|12/31/1997|
5311|Proper use, Share crop 1/3|0|01/09/1998|
5312|Proper use, Share crop 1/4|0|01/09/1998|
5313|Proper use, Share crop 1/5|0|01/09/1998|
5314|Proper use, Cash rent over $150/ac|0|01/09/1998|
5315|Proper use, Cash rent $90-150/ac|0|01/09/1998|
5316|Proper use, Cash rent $45-90/ac|0|01/09/1998|
5317|Proper use, Cash rent under $45/ac|0|01/09/1998|
5319|Proper use, Income does not apply|0|01/09/1998|
5321|Ag use, transitional, share crop 1/3|0|01/09/1998|
5322|Ag use, transitional, share crop 1/4|0|01/09/1998|
5323|Ag use, transitional, share crop 1/5|0|01/09/1998|
5324|Ag use, transitional, cash rent over $150/ac|0|01/09/1998|
5325|Ag use, transitional, cash rent $90-150/ac|0|01/09/1998|
5326|Ag use, transitional, cash rent $45-90/ac|0|01/09/1998|
5327|Ag use, transitional, cash rent under $45/ac|0|01/09/1998|
5329|Ag use, transitional, Income does not apply|0|01/09/1998|
5331|Ag preserve, cont restrict, share crop 1/3|0|01/09/1998|
5332|Ag preserve, cont restrict, share crop 1/4|0|01/09/1998|
5333|Ag preserve, cont restrict, share crop 1/5|0|01/09/1998|
5334|Ag preserve, cont restrict, cash rent over $150/ac|0|01/09/1998|
5335|Ag preserve, cont. restrict, cash rent $90-150/ac|0|01/09/1998|
5336|Ag preserve, cont restrict, cash rent $45-90/ac|0|01/09/1998|
5337|Ag preserve, cont restrict, cash rent under $45/ac|0|01/09/1998|
5338|No Description Available|0|03/20/1998|
5339|Ag preserve, cont restrict, Income does not apply|0|01/09/1998|
5340|No Description Available|0||
5341|Ag preserve, non-renewal, share crop 1/3|0|01/09/1998|
5342|Ag preserve, non-renewal, share crop 1/4|0|01/09/1998|
5343|Ag preserve, non-renewal, share crop 1/5|0|01/09/1998|
5344|Ag preserve, non-renwal, cash rent over $150/ac|0|01/09/1998|
5345|Ag preserve, non-renewal, cash rent $90-150/ac|0|01/09/1998|
5346|Ag preserve, non-renewal, cash rent $45-90/ac|0|01/09/1998|
5347|Ag preserve, non-renewal, cash rent under $45/ac|0|01/09/1998|
5349|Ag preserve, non-renewal, Income does not apply|0|01/09/1998|
5351|Govt. owned, share crop 1/3|0|01/09/1998|
5352|Govt. owned, share crop 1/4|0|01/09/1998|
5353|Govt. owned, share crop 1/5|0|01/09/1998|
5354|Govt. owned, cash rent over $150/ac|0|01/09/1998|
5355|Govt. owned, cash rent $90-150|0|01/09/1998|
5356|Govt. owned, cash rent $45-90/ac|0|01/09/1998|
5357|Govt. owned, cash rent under $45/ac|0|01/09/1998|
5359|Govt. owned, Income does not apply|0|01/09/1998|
5400|Pasture or Graze, Dry|0|12/31/1997|
5411|Proper use, Cash rent Equivalent|0|01/09/1998|
5412|Proper use, Cash rent Equivalent $10-15, good|0|01/09/1998|
5413|Proper use, Cash rent Equivalent $6-10- average|0|01/09/1998|
5414|Proper use, Cash rent Equivalent $2-6- fair|0|01/09/1998|
5415|Proper use, Cash rent Equivalent $1-2- watershed|0|01/09/1998|
5416|Proper use, Waste|0|01/09/1998|
5417|No Description Available|0|03/20/1998|
5421|Ag use, transitional, Cash rent equivalent|0|01/09/1998|
5422|Ag use, transitional, Cash rent Equivalent $10-15 - good|0|01/09/1998|
5423|Ag use, transitional, Cash rent Equivalent $6-10- average|0|01/09/1998|
5424|Ag use, transitional, Cash rent Equivalent $2-6- fair|0|01/09/1998|
5425|Ag use, transitional, Cash rent Equivalent $1-2- watershed|0|01/09/1998|
5426|Ag use, transitional, Waste|0|01/09/1998|
5427|No Description Available|0||
5428|No Description Available|0||
5431|Ag preserve, cont. restrict., Cash rent equivalent|0|01/09/1998|
5432|Ag preserve, cont. restrict., Cash rent Equivalent $10-15- good|0|01/09/1998|
5433|Ag preserve, cont. restrict, Cash rent Equivalent $6-10- average|0|01/09/1998|
5434|Ag preserve, cont. restrict, Cash rent Equivalent $2-6 - fair|0|01/09/1998|
5435|Ag preserve, cont restrict, Cash rent Equivalent $1-2- watershed|0|01/09/1998|
5436|Ag preserve, cont. restrict. Waste|0|01/09/1998|
5437|No Description Available|0|03/20/1998|
5438|No Description Available|0|03/20/1998|
5441|Ag preserve, non-renewal, Cash rent equivalent|0|01/09/1998|
5442|Ag preserve, non-renewal, Cash rent Equivalent $10-15- good|0|01/09/1998|
5443|Ag preserve, non-renewal, Cash rent Equivalent $6-10- average|0|01/09/1998|
5444|Ag preserve, non-renewal, Cash rent Equivalent $2-6- fair|0|01/09/1998|
5445|Ag preserve, non-renewal, Cash rent Equivalent $1-2- watershed|0|01/09/1998|
5446|Ag preserve, non-renewal, waste|0|01/09/1998|
5447|No Description Available|0|03/20/1998|
5448|No Description Available|0|03/20/1998|
5450|No Description Available|0|03/20/1998|
5451|Govt. owned, Cash Rent Equivalent|0|01/09/1998|
5452|Govt. owned. Cash rent Equivalent $10-15- good|0|01/09/1998|
5453|Govt. owned. Cash rent Equivalent $6-10- average|0|01/09/1998|
5454|Govt. owned. Cash rent Equivalent $2-6- fair|0|01/09/1998|
5455|Govt. owned. Cash rent Equivalent $1-2- watershed|0|01/09/1998|
5456|Govt. owned.  Waste|0|01/09/1998|
5457|No Description Available|0||
5490|No Description Available|0|03/20/1998|
5500|Feed Lots|0|12/31/1997|
5511|Proper use- commercial feed lot|0|01/09/1998|
5512|Proper use- non-commercial feed lot|0|01/09/1998|
5513|Proper use- sales yard|0|01/09/1998|
5521|Ag use, transitional- commercial feed lot|0|01/09/1998|
5522|Ag use, transitional- non-commercial feed lot|0|01/09/1998|
5523|Ag use, transitional- sales yard|0|01/09/1998|
5531|Ag pre, cont. restrict., - commercial feed lot|0|01/09/1998|
5532|Ag pre. cont. restrict., -non-commercial feed lot|0|01/09/1998|
5533|Ag pre. cont. restrict., - sales yard|0|01/09/1998|
5541|Ag pre. non-renewal, - commercial feed lot|0|01/09/1998|
5542|Ag pre. non-renewal, - non-commercial feed lot|0|01/09/1998|
5543|Ag pre. non-renewal, - sales yard|0|01/09/1998|
5551|Govt. owned- commercial feed lot|0|01/09/1998|
5552|Govt. owned- non-commercial feed lot|0|01/09/1998|
5553|Govt. owned- sales yard|0|01/09/1998|
5600|Horses|0|12/31/1997|
5611|Proper use, Race|0|01/09/1998|
5612|Proper use, Show|0|01/09/1998|
5613|Proper use, boarding|0|01/09/1998|
5614|Proper use, Riding Stables|0|01/09/1998|
5615|Proper use, Other|0|01/09/1998|
5616|No Description Available|0|07/03/1999|
5621|Ag use, transitional, Race|0|01/09/1998|
5622|Ag use, transitional, Show|0|01/09/1998|
5623|Ag use, transitional, Boarding|0|01/09/1998|
5624|Ag use, transitional, Riding Stables|0|01/09/1998|
5625|Ag use, transitional, Other|0|01/09/1998|
5631|Ag pre, cont. restrict., Race|0|01/09/1998|
5632|Ag pre, cont. restrict., Show|0|01/09/1998|
5633|Ag pre. cont. restrict., Boarding|0|01/09/1998|
5634|Ag pre. cont. restrict., Riding Stables|0|01/09/1998|
5635|Ag pre., cont. restrict., Other|0|01/09/1998|
5641|Ag pre., non-renewal, Race|0|01/09/1998|
5642|Ag pre., non-renewal, Show|0|01/09/1998|
5643|Ag pre., non-renewal, boarding|0|01/09/1998|
5644|Ag pre., non-renewal, Riding Stables|0|01/09/1998|
5645|Ag pre., non-renewal, Other|0|01/09/1998|
5691|No Description Available|0||
5693|No Description Available|0|03/20/1998|
5694|No Description Available|0|03/20/1998|
5700|Tree Farms|0|12/31/1997|
5711|Proper use, Christmas|0|01/12/1998|
5712|Proper use, Ornamental|0|01/12/1998|
5713|Proper use, Other|0|01/12/1998|
5718|No Description Available|0|03/20/1998|
5721|Ag use, transitional, Christmas|0|01/12/1998|
5722|Ag use, transitional, Ornamental|0|01/12/1998|
5723|Ag use, transitional, Other|0|01/12/1998|
5731|Ag preserve, contract. restrict., Christmas|0|01/12/1998|
5732|Ag preserve, contract. restrict., Ornamental|0|01/12/1998|
5733|Ag preserve, contract. restrict., Other|0|01/12/1998|
5741|Ag preserve, notice of non-renewal, Christmas|0|01/12/1998|
5742|Ag preserve, notice of non-renewal, Ornamental|0|01/12/1998|
5743|Ag preserve, notice of non-renewal, Other|0|01/12/1998|
5751|Government owned, Christmas|0|01/12/1998|
5752|Government owned, Ornamental|0|01/12/1998|
5753|Government owned, Other|0|01/12/1998|
5800|Rancho Estates (Rural Home Sites)|0|12/31/1997|
5801|No Description Available|0|03/20/1998|
5802|No Description Available|0||
5810|No Description Available|0|03/20/1998|
5811|Vacant, 1-4 acres|0|01/12/1998|
5812|Vacant, 4-10 acres|0|01/12/1998|
5813|Vacant, 10-20 acres|0|01/12/1998|
5814|Vacant, 20-30 acres|0|01/12/1998|
5815|Vacant, 30-50 acres|0|01/12/1998|
5816|Vacant, 50-80 acres|0|01/12/1998|
5817|Vacant, 80-100 acres|0|01/12/1998|
5818|No Description Available|0|03/20/1998|
5819|No Description Available|0||
5820|No Description Available|0|03/20/1998|
5821|Proper improvement, 1-4 acres|0|01/12/1998|
5822|Proper improvement, 4-10 acres|0|01/12/1998|
5823|Proper improvement, 10-20 acres|0|01/12/1998|
5824|Proper improvement, 20-30 acres|0|01/12/1998|
5825|Proper improvement, 30-50 acres|0|01/12/1998|
5826|Proper improvement, 50-80 acres|0|01/12/1998|
5827|Proper improvement, 80-100 acres|0|01/12/1998|
5828|No Description Available|0|03/20/1998|
5829|No Description Available|0|03/20/1998|
5831|Ag preserve, cont. restrict. 1-4 acres|0|01/12/1998|
5832|Ag preserve, cont. restrict. 4-10 acres|0|01/12/1998|
5833|Ag preserve, cont. restrict. 10-20 acres|0|01/12/1998|
5834|Ag preserve, cont. restrict. 20-30 acres|0|01/12/1998|
5835|Ag preserve, cont. restrict. 30-50 acres|0|01/12/1998|
5836|Ag preserve, cont. restrict. 50-80 acres|0|01/12/1998|
5837|Ag preserve, cont. restrict. 80-100 acres|0|01/12/1998|
5841|Ag preserve, non-renewal, 1-4 acres|0|01/12/1998|
5842|Ag preserve, non-renewal, 4-10 acres|0|01/12/1998|
5843|Ag preserve, non-renewal, 10-20 acres|0|01/12/1998|
5844|Ag preserve, non-renewal, 20-30 acres|0|01/12/1998|
5845|Ag preserve, non-renewal, 30-50 acres|0|01/12/1998|
5846|Ag preserve, non-renewal, 50-80 acres|0|01/12/1998|
5847|Ag preserve, non-renewal, 80-100 acres|0|01/12/1998|
5851|Government owned, 1-4 acres|0|01/12/1998|
5852|Government owned, 4-10 acres|0|01/12/1998|
5853|Government owned, 10-20 acres|0|01/12/1998|
5854|Government owned, 20-30 acres|0|01/12/1998|
5855|Government owned, 30-50 acres|0|01/12/1998|
5856|Government owned, 50-80 acres|0|01/12/1998|
5857|Government owned, 80-100 acres|0|01/12/1998|
5858|No Description Available|0|03/20/1998|
5861|Underimprovement, 1-4 acres|0|01/12/1998|
5862|Underimprovement, 4-10 acres|0|01/12/1998|
5863|Underimprovement, 10-20 acres|0|01/12/1998|
5864|Underimprovement, 20-30 acres|0|01/12/1998|
5865|Underimprovement, 30-50 acres|0|01/12/1998|
5866|Underimprovement, 50-80 acres|0|01/12/1998|
5867|Underimprovement, 80-100 acres|0|01/12/1998|
5871|No Description Available|0|03/20/1998|
5890|No Description Available|0|03/20/1998|
5891|No Description Available|0|03/20/1998|
5892|No Description Available|0|03/20/1998|
5893|No Description Available|0|03/20/1998|
5894|No Description Available|0|03/20/1998|
5895|No Description Available|0|03/20/1998|
5897|No Description Available|0|10/23/1999|
5900|Beaches, Sand Dunes|0|12/31/1997|
5911|Vacant, Less than 1 acre|0|01/12/1998|
5912|Vacant, 1-5 acres|0|01/12/1998|
5913|Vacant, 5-15 acres|0|01/12/1998|
5914|Vacant, 15-30 acres|0|01/12/1998|
5915|Vacant, 30-50 acres|0|01/12/1998|
5916|Vacant, 50-80 acres|0|01/12/1998|
5917|Vacant, 80-100 acres|0|01/12/1998|
5918|Vacant, 100+ acres|0|01/12/1998|
5921|Proper improvement, Less than 1 acre|0|01/12/1998|
5922|Proper improvement, 1-5 acres|0|01/12/1998|
5923|Proper improvement, 5-15 acres|0|01/12/1998|
5924|Proper improvement, 15-30 acres|0|01/12/1998|
5925|Proper improvement, 30-50 acres|0|01/12/1998|
5926|Proper improvement, 50-80 acres|0|01/12/1998|
5927|Proper improvement, 80-100 acres|0|01/12/1998|
5928|Proper improvement, 100+ acres|0|01/12/1998|
5930|No Description Available|0|03/20/1998|
5931|Ag preserve, cont. restrict. Less than 1 acre|0|01/12/1998|
5932|Ag preserve, cont. restrict, 1-5 acres|0|01/12/1998|
5933|Ag preserve, cont. restrict, 5-15 acres|0|01/12/1998|
5934|Ag preserve, cont. restrict, 15-30 acres|0|01/12/1998|
5935|Ag preserve, cont. restrict. 30-50 acres|0|01/12/1998|
5936|Ag preserve, cont. restrict. 50-80 acres|0|01/12/1998|
5937|Ag preserve, cont. restrict., 80-100 acres|0|01/12/1998|
5938|Ag preserve, cont. restrict., 100+  acres|0|01/12/1998|
5941|Ag preserve, non-renewal, Less than 1 acre|0|01/12/1998|
5942|Ag preserve, non-renewal, 1-5 acres|0|01/12/1998|
5943|Ag preserve, non-renewal, 5-15 acres|0|01/12/1998|
5944|Ag preserve, non-renewal, 15-30 acres|0|01/12/1998|
5945|Ag preserve, non-renewal, 30-50 acres|0|01/12/1998|
5946|Ag preserve, non-renewal, 50-80 acres|0|01/12/1998|
5947|Ag preserve, non-renewal, 80-100 acres|0|01/12/1998|
5948|Ag preserve, non-renewal, 100+ acres|0|01/12/1998|
5951|Government owned, Less than 1 acre|0|01/12/1998|
5952|Government owned, 1-5 acres|0|01/12/1998|
5953|Government owned, 5-15 acres|0|01/12/1998|
5954|Government owned, 15-30 acres|0|01/12/1998|
5955|Government owned, 30-50 acres|0|01/12/1998|
5956|Government owned, 50-80 acres|0|01/12/1998|
5957|Government owned, 80-100 acres|0|01/12/1998|
5958|Government owned, 100+ acres|0|01/12/1998|
5961|Underimprovement, Less than 1 acre|0|01/12/1998|
5962|Underimprovement, 1-5 acres|0|01/12/1998|
5963|Underimprovement, 5-15 acres|0|01/12/1998|
5964|Underimprovement, 15-30 acres|0|01/12/1998|
5965|Underimprovement, 30-50 acres|0|01/12/1998|
5966|Underimprovement, 50-80 acres|0|01/12/1998|
5967|Underimprovement, 80-100 acres|0|01/12/1998|
5968|Underimprovement, 100+ acres|0|01/12/1998|
5979|No Description Available|0||
5990|No Description Available|0|03/20/1998|
6000|Recreational Open|0|12/31/1997|
6050|No Description Available|0|03/20/1998|
6090|No Description Available|0|03/20/1998|
6100|Drive-In Theaters|0|12/31/1997|
6193|No Description Available|0||
6200|Dance Halls|0|12/31/1997|
6300|Bowling Alleys|0|12/31/1997|
6400|Clubs, Lodging Halls|0|12/31/1997|
6500|Audotoriums, Stadiums|0|12/31/1997|
6600|Golf Courses|0|12/31/1997|
6700|Race Tracks, Riding Stables|0|12/31/1997|
6790|No Description Available|0|03/20/1998|
6800|Camps, Cabins|0|12/31/1997|
6900|Parks|0|12/31/1997|
6913|No Description Available|0||
6916|No Description Available|0||
6990|No Description Available|0|03/20/1998|
7000|Institutional|0|12/31/1997|
7001|No Description Available|0||
7100|Churches, Covent Rectory|0|12/31/1997|
7151|No Description Available|0||
7190|No Description Available|0|03/20/1998|
7200|Schools|0|12/31/1997|
7300|Colleges|0|12/31/1997|
7400|Hospitals|0|12/31/1997|
7500|Rest Homes|0|12/31/1997|
7521|No Description Available|0|03/20/1998|
7531|No Description Available|0|03/20/1998|
7550|No Description Available|0||
7600|Orphanages|0|12/31/1997|
7700|Mortuaries, Cemeteries, Mausoleums, Columnbarium|0|12/31/1997|
7790|No Description Available|0|03/20/1998|
7800|Public Bldgs., Firehouses, Museums, Post Offices|0|12/31/1997|
7824|No Description Available|0|03/20/1998|
7900|Day Care|0|03/20/1998|
8000|Miscellaneous|0|12/31/1997|
8090|No Description Available|0|03/20/1998|
8100|Utility Water Company|0|12/31/1997|
8131|No Description Available|0|03/20/1998|
8150|No Description Available|0|03/20/1998|
8160|No Description Available|0||
8200|Mining|0|12/31/1997|
8300|Petroleum & Gas|0|12/31/1997|
8330|No Description Available|0|03/20/1998|
8400|Pipelines, Canals|0|12/31/1997|
8500|Rights of Way, Sewer, Land Fills, etc.|0|12/31/1997|
8510|No Description Available|0|03/20/1998|
8530|No Description Available|0||
8573|No Description Available|0||
8600|Water Rights, Pumps|0|12/31/1997|
8630|No Description Available|0|03/20/1998|
8700|Rivers & Lakes|0|12/31/1997|
8800|Highways & Streets|0|12/31/1997|
8900|Waste|0|12/31/1997|
9000|No Description Available|0|03/20/1998|
9272|No Description Available|0||
9300|No Description Available|0||
9363|No Description Available|0||
9400|No Description Available|0||
9421|No Description Available|0||
9600|No Description Available|0|03/20/1998|
9900|No Description Available|0|03/20/1998|
9999|No Description Available|0|03/20/1998|
UNK|Unknown|0|03/20/1998|
